,run,n_sites,theta,exp_order,ediff,direct_scf,fmm_scf,direct_lr,fmm_lr
0,0,60498,0.5,5,0.0,6957.468733872054,1428.3205686628353,24274.409641527804,3559.794428608846
