,run,n_sites,theta,exp_order,ediff,direct_scf,fmm_scf,direct_lr,fmm_lr
0,0,16203,0.5,5,0.0,866.4194383658469,435.53154730191454,2588.3700327000115,1169.109788967995
