,run,n_sites,theta,exp_order,ediff,direct_scf,fmm_scf,direct_lr,fmm_lr
0,0,41448,0.5,5,0.0,3450.807930826908,978.88187563885,11300.063382662134,2262.2776299149264
