,run,n_sites,theta,exp_order,ediff,direct_scf,fmm_scf,direct_lr,fmm_lr
0,0,150585,0.5,5,0.0,39084.06937767309,3632.8579750820063,144207.5189934792,9628.237216599984
