,run,n_sites,theta,exp_order,ediff,direct_scf,fmm_scf,direct_lr,fmm_lr
0,0,26883,0.5,5,0.0,1765.729510426987,689.3407610768918,5507.375824658899,1640.770802960964
