,run,n_sites,theta,exp_order,ediff,direct_scf,fmm_scf,direct_lr,fmm_lr
0,0,4083,0.5,5,0.0,144.1647397959605,119.15107569401152,324.3514299620874,251.34908350906335
