,run,n_sites,theta,exp_order,ediff,direct_scf,fmm_scf,direct_lr,fmm_lr
0,0,1440,0.5,5,0.0,53.76453423406929,50.90038219303824,114.65422240900807,106.1475524851121
