,run,n_sites,theta,exp_order,ediff,direct_scf,fmm_scf,direct_lr,fmm_lr
0,0,8805,0.5,5,0.0,372.0300728860311,232.6222627221141,1093.4401513689663,565.6360857798718
