,run,n_sites,theta,exp_order,ediff,direct_scf,fmm_scf,direct_lr,fmm_lr
0,0,193596,0.5,5,0.0,63875.75259616482,4868.893933876883,240337.107659081,13171.859772115946
