,run,n_sites,theta,exp_order,ediff,direct_scf,fmm_scf,direct_lr,fmm_lr
0,0,1440,0.5,5,0.0,52.10814268584363,49.29416230600327,109.40946401981637,101.154447424924
