,run,n_sites,theta,exp_order,ediff,direct_scf,fmm_scf,direct_lr,fmm_lr
0,0,8805,0.5,5,0.0,337.6811495400034,219.3307720448356,935.7454503520858,514.2227206558455
