,run,n_sites,theta,exp_order,ediff,direct_scf,fmm_scf,direct_lr,fmm_lr
0,0,26883,0.5,5,0.0,1988.8546134058852,804.201058072038,6213.279486257117,2047.4861521061976
