,run,n_sites,theta,exp_order,ediff,direct_scf,fmm_scf,direct_lr,fmm_lr
0,0,4083,0.5,5,0.0,134.16611750703305,112.40534654189833,293.6027445308864,227.01982102985494
