,run,n_sites,theta,exp_order,ediff,direct_scf,fmm_scf,direct_lr,fmm_lr
0,0,60498,0.5,5,0.0,7535.716906174086,1512.462054251926,27114.67448766087,3896.307610314805
