,run,n_sites,theta,exp_order,ediff,direct_scf,fmm_scf,direct_lr,fmm_lr
0,0,41448,0.5,5,0.0,4191.147866263054,1043.3835703660734,13052.190936886938,2490.019407027168
