,run,n_sites,theta,exp_order,ediff,direct_scf,fmm_scf,direct_lr,fmm_lr
0,0,114465,0.5,5,0.0,23465.65912432107,2732.3640152660664,56569.981263918104,4648.162058606977
