,run,n_sites,theta,exp_order,ediff,direct_scf,fmm_scf,direct_lr,fmm_lr
0,0,16203,0.5,5,0.0,753.4275869841222,397.22087493911386,2516.675205364125,1003.3468110868707
