,run,n_sites,theta,exp_order,ediff,direct_scf,fmm_scf,direct_lr,fmm_lr
0,0,84636,0.5,5,0.0,13395.599193571834,2107.941102458164,48809.976575521985,5473.1359140749555
